{
  "VCard Homepage-0" : {
    "transaction" : "VCard Homepage-0",
    "sampleCount" : 1000,
    "errorCount" : 0,
    "errorPct" : 0.0,
    "meanResTime" : 721.363999999999,
    "medianResTime" : 715.0,
    "minResTime" : 340.0,
    "maxResTime" : 2045.0,
    "pct1ResTime" : 883.9,
    "pct2ResTime" : 944.0,
    "pct3ResTime" : 1499.88,
    "throughput" : 398.72408293460927,
    "receivedKBytesPerSec" : 70.86697567783094,
    "sentKBytesPerSec" : 48.28299441786284
  },
  "VCard Homepage" : {
    "transaction" : "VCard Homepage",
    "sampleCount" : 1000,
    "errorCount" : 0,
    "errorPct" : 0.0,
    "meanResTime" : 40752.08599999998,
    "medianResTime" : 40932.0,
    "minResTime" : 12825.0,
    "maxResTime" : 131366.0,
    "pct1ResTime" : 50192.0,
    "pct2ResTime" : 54825.75,
    "pct3ResTime" : 60456.19,
    "throughput" : 7.569163229005033,
    "receivedKBytesPerSec" : 1453.4620051659538,
    "sentKBytesPerSec" : 1.8331567195246565
  },
  "VCard Homepage-1" : {
    "transaction" : "VCard Homepage-1",
    "sampleCount" : 1000,
    "errorCount" : 0,
    "errorPct" : 0.0,
    "meanResTime" : 40030.179,
    "medianResTime" : 40271.0,
    "minResTime" : 12239.0,
    "maxResTime" : 130677.0,
    "pct1ResTime" : 49414.299999999996,
    "pct2ResTime" : 54176.85,
    "pct3ResTime" : 59636.340000000004,
    "throughput" : 7.613131128570558,
    "receivedKBytesPerSec" : 1460.5517878486814,
    "sentKBytesPerSec" : 0.921902597600341
  },
  "Total" : {
    "transaction" : "Total",
    "sampleCount" : 6674,
    "errorCount" : 841,
    "errorPct" : 12.601139,
    "meanResTime" : 30298.28183997588,
    "medianResTime" : 28387.5,
    "minResTime" : 178.0,
    "maxResTime" : 623689.0,
    "pct1ResTime" : 57727.5,
    "pct2ResTime" : 75226.25,
    "pct3ResTime" : 94089.25,
    "throughput" : 9.80879175791067,
    "receivedKBytesPerSec" : 1706.3324855946232,
    "sentKBytesPerSec" : 1.5853607567496069
  },
  "generator-2" : {
    "transaction" : "generator-2",
    "sampleCount" : 760,
    "errorCount" : 202,
    "errorPct" : 26.578947,
    "meanResTime" : 44943.62368421052,
    "medianResTime" : 38305.0,
    "minResTime" : 178.0,
    "maxResTime" : 97678.0,
    "pct1ResTime" : 75027.5,
    "pct2ResTime" : 83123.69999999998,
    "pct3ResTime" : 96198.42,
    "throughput" : 7.4431723584083365,
    "receivedKBytesPerSec" : 3793.2425034981684,
    "sentKBytesPerSec" : 0.7097908015611075
  },
  "generator-1" : {
    "transaction" : "generator-1",
    "sampleCount" : 957,
    "errorCount" : 197,
    "errorPct" : 20.585161,
    "meanResTime" : 10457.550679205857,
    "medianResTime" : 7786.0,
    "minResTime" : 218.0,
    "maxResTime" : 22727.0,
    "pct1ResTime" : 21044.0,
    "pct2ResTime" : 21051.0,
    "pct3ResTime" : 21867.979999999996,
    "throughput" : 9.243072524797897,
    "receivedKBytesPerSec" : 8.855246946743677,
    "sentKBytesPerSec" : 0.9605563711523416
  },
  "generator" : {
    "transaction" : "generator",
    "sampleCount" : 1000,
    "errorCount" : 442,
    "errorPct" : 44.2,
    "meanResTime" : 64272.53899999995,
    "medianResTime" : 52516.5,
    "minResTime" : 1775.0,
    "maxResTime" : 623689.0,
    "pct1ResTime" : 89693.2,
    "pct2ResTime" : 94632.45,
    "pct3ResTime" : 612620.97,
    "throughput" : 1.4983697736862294,
    "receivedKBytesPerSec" : 582.1693692574978,
    "sentKBytesPerSec" : 0.44525579606887705
  },
  "generator-0" : {
    "transaction" : "generator-0",
    "sampleCount" : 957,
    "errorCount" : 0,
    "errorPct" : 0.0,
    "meanResTime" : 12820.830721003142,
    "medianResTime" : 9569.0,
    "minResTime" : 1379.0,
    "maxResTime" : 43844.0,
    "pct1ResTime" : 24985.8,
    "pct2ResTime" : 29106.99999999998,
    "pct3ResTime" : 38561.89999999997,
    "throughput" : 7.943490819748331,
    "receivedKBytesPerSec" : 1.566977681239417,
    "sentKBytesPerSec" : 1.0394802439905044
  }
}